1	0	9
2	0	9
3	3	9
4	0	9
5	0	9
6	1	9
7	1	9
8	0	9
9	0	9
10	2	9
11	0	9
12	0	9
13	0	9
14	1	9
15	0	9
16	0	9
17	0	9
18	0	9
19	0	9
20	0	9
21	0	9
22	1	9
23	1	9
24	0	9
25	1	9
26	0	9
27	2	9
28	0	9
29	1	9
30	0	9
31	0	9
32	0	9
33	0	9
34	0	9
35	0	9
36	1	9
37	1	9
38	0	9
39	1	9
40	0	9
41	0	9
42	0	9
43	1	9
44	0	9
45	0	9
46	0	9
47	0	9
48	4	9
49	6	9
50	3	9
51	21	9
52	100	9
53	124	9
54	160	9
55	155	9
56	133	9
57	156	9
58	132	9
59	176	9
60	150	9
61	144	9
62	133	9
63	188	9
64	108	9
65	170	9
66	152	9
67	153	9
68	166	9
69	162	9
70	164	9
71	132	9
72	142	9
73	163	9
74	137	9
75	159	9
76	157	9
77	156	9
78	152	9
79	166	9
80	146	9
81	162	9
82	150	9
83	175	9
84	152	9
85	153	9
86	165	9
87	133	9
88	139	9
89	151	9
90	130	9
91	188	9
92	150	9
93	154	9
94	149	9
95	199	9
96	109	9
97	165	9
98	158	9
99	160	9
100	165	9
101	164	9
102	172	9
103	165	9
104	129	9
105	175	9
106	135	9
107	141	9
108	144	9
109	145	9
110	140	9
111	162	9
112	117	9
113	138	9
114	161	9
115	160	9
116	171	9
117	137	9
118	181	9
119	146	9
120	113	9
121	177	9
122	147	9
123	171	9
124	164	9
125	139	9
126	146	9
127	154	9
128	106	9
129	156	9
130	171	9
131	167	9
132	150	9
133	129	9
134	157	9
135	146	9
136	135	9
137	166	9
138	125	9
139	166	9
140	172	9
141	147	9
142	159	9
143	163	9
144	133	9
145	149	9
146	153	9
147	168	9
148	151	9
149	175	9
150	163	9
151	132	9
152	177	9
153	130	9
154	145	9
155	174	9
156	140	9
157	149	9
158	158	9
159	202	9
160	117	9
161	180	9
162	155	9
163	161	9
164	156	9
165	148	9
166	192	9
167	131	9
168	128	9
169	192	9
170	149	9
171	177	9
172	175	9
173	178	9
174	152	9
175	138	9
176	145	9
177	154	9
178	168	9
179	177	9
180	167	9
181	143	9
182	185	9
183	168	9
184	123	9
185	170	9
186	157	9
187	168	9
188	169	9
189	172	9
190	159	9
191	189	9
192	123	9
193	192	9
194	179	9
195	161	9
196	191	9
197	160	9
198	181	9
199	150	9
200	164	9
201	158	9
202	135	9
203	153	9
204	169	9
205	192	9
206	181	9
207	201	9
208	152	9
209	208	9
210	179	9
211	173	9
212	174	9
213	155	9
214	208	9
215	168	9
216	185	9
217	195	9
218	172	9
219	215	9
220	167	9
221	185	9
222	170	9
223	233	9
224	138	9
225	200	9
226	180	9
227	186	9
228	223	9
229	157	9
230	245	9
231	193	9
232	174	9
233	200	9
234	181	9
235	166	9
236	184	9
237	179	9
238	178	9
239	183	9
240	153	9
241	192	9
242	172	9
243	189	9
244	182	9
245	166	9
246	219	9
247	167	9
248	183	9
249	201	9
250	187	9
251	192	9
252	187	9
253	162	9
254	160	9
255	261	9
256	120	9
257	164	9
258	181	9
259	181	9
260	181	9
261	157	9
262	192	9
263	162	9
264	158	9
265	209	9
266	166	9
267	176	9
268	188	9
269	185	9
270	167	9
271	197	9
272	162	9
273	177	9
274	174	9
275	213	9
276	165	9
277	165	9
278	205	9
279	156	9
280	167	9
281	188	9
282	155	9
283	190	9
284	175	9
285	153	9
286	165	9
287	205	9
288	137	9
289	185	9
290	174	9
291	156	9
292	189	9
293	152	9
294	200	9
295	165	9
296	157	9
297	197	9
298	139	9
299	199	9
300	174	9
301	176	9
302	166	9
303	188	9
304	153	9
305	167	9
306	162	9
307	199	9
308	158	9
309	176	9
310	222	9
311	185	9
312	163	9
313	196	9
314	159	9
315	174	9
316	169	9
317	171	9
318	183	9
319	205	9
320	123	9
321	174	9
322	166	9
323	172	9
324	213	9
325	172	9
326	172	9
327	166	9
328	173	9
329	195	9
330	160	9
331	207	9
332	195	9
333	205	9
334	161	9
335	199	9
336	148	9
337	166	9
338	175	9
339	204	9
340	171	9
341	174	9
342	198	9
343	186	9
344	195	9
345	215	9
346	158	9
347	196	9
348	203	9
349	195	9
350	193	9
351	218	9
352	149	9
353	180	9
354	207	9
355	191	9
356	186	9
357	206	9
358	187	9
359	189	9
360	163	9
361	214	9
362	197	9
363	185	9
364	201	9
365	216	9
366	207	9
367	185	9
368	172	9
369	196	9
370	197	9
371	221	9
372	185	9
373	153	9
374	213	9
375	206	9
376	161	9
377	195	9
378	148	9
379	201	9
380	183	9
381	197	9
382	159	9
383	236	9
384	142	9
385	178	9
386	183	9
387	186	9
388	199	9
389	177	9
390	229	9
391	165	9
392	205	9
393	229	9
394	165	9
395	209	9
396	200	9
397	207	9
398	183	9
399	206	9
400	178	9
401	199	9
402	163	9
403	225	9
404	193	9
405	175	9
406	244	9
407	166	9
408	186	9
409	226	9
410	163	9
411	215	9
412	183	9
413	201	9
414	184	9
415	229	9
416	154	9
417	182	9
418	197	9
419	190	9
420	217	9
421	176	9
422	219	9
423	198	9
424	148	9
425	200	9
426	162	9
427	170	9
428	206	9
429	192	9
430	211	9
431	171	9
432	185	9
433	169	9
434	187	9
435	181	9
436	196	9
437	192	9
438	221	9
439	177	9
440	169	9
441	217	9
442	197	9
443	242	9
444	217	9
445	194	9
446	175	9
447	216	9
448	143	9
449	188	9
450	217	9
451	167	9
452	199	9
453	146	9
454	220	9
455	159	9
456	189	9
457	236	9
458	188	9
459	184	9
460	247	9
461	203	9
462	191	9
463	196	9
464	182	9
465	177	9
466	241	9
467	196	9
468	186	9
469	170	9
470	242	9
471	163	9
472	180	9
473	210	9
474	166	9
475	209	9
476	207	9
477	187	9
478	217	9
479	227	9
480	162	9
481	189	9
482	214	9
483	217	9
484	248	9
485	189	9
486	225	9
487	178	9
488	182	9
489	236	9
490	186	9
491	206	9
492	197	9
493	216	9
494	195	9
495	210	9
496	185	9
497	224	9
498	204	9
499	208	9
500	221	9
501	180	9
502	243	9
503	213	9
504	190	9
505	264	9
506	223	9
507	244	9
508	226	9
509	212	9
510	217	9
511	300	9
512	146	9
513	249	9
514	253	9
515	246	9
516	299	9
517	210	9
518	269	9
519	235	9
520	235	9
521	319	9
522	237	9
523	299	9
524	274	9
525	275	9
526	300	9
527	310	9
528	240	9
529	298	9
530	290	9
531	301	9
532	259	9
533	276	9
534	283	9
535	229	9
536	278	9
537	321	9
538	253	9
539	323	9
540	294	9
541	303	9
542	277	9
543	305	9
544	237	9
545	312	9
546	314	9
547	271	9
548	315	9
549	257	9
550	318	9
551	274	9
552	270	9
553	290	9
554	209	9
555	299	9
556	327	9
557	308	9
558	253	9
559	307	9
560	252	9
561	266	9
562	273	9
563	304	9
564	275	9
565	257	9
566	304	9
567	293	9
568	232	9
569	300	9
570	244	9
571	331	9
572	260	9
573	295	9
574	315	9
575	269	9
576	201	9
577	252	9
578	257	9
579	272	9
580	293	9
581	244	9
582	290	9
583	256	9
584	272	9
585	278	9
586	221	9
587	236	9
588	265	9
589	259	9
590	269	9
591	288	9
592	196	9
593	258	9
594	225	9
595	262	9
596	229	9
597	197	9
598	259	9
599	211	9
600	232	9
601	269	9
602	233	9
603	264	9
604	210	9
605	263	9
606	254	9
607	244	9
608	199	9
609	216	9
610	257	9
611	260	9
612	267	9
613	211	9
614	259	9
615	223	9
616	201	9
617	272	9
618	207	9
619	217	9
620	248	9
621	252	9
622	225	9
623	234	9
624	163	9
625	226	9
626	258	9
627	237	9
628	226	9
629	198	9
630	263	9
631	209	9
632	173	9
633	247	9
634	191	9
635	234	9
636	211	9
637	194	9
638	224	9
639	266	9
640	143	9
641	210	9
642	214	9
643	205	9
644	228	9
645	191	9
646	234	9
647	205	9
648	195	9
649	237	9
650	170	9
651	206	9
652	205	9
653	215	9
654	207	9
655	210	9
656	195	9
657	197	9
658	202	9
659	220	9
660	211	9
661	175	9
662	229	9
663	177	9
664	213	9
665	234	9
666	195	9
667	211	9
668	181	9
669	190	9
670	210	9
671	236	9
672	140	9
673	180	9
674	192	9
675	198	9
676	216	9
677	145	9
678	221	9
679	188	9
680	168	9
681	232	9
682	179	9
683	179	9
684	208	9
685	183	9
686	181	9
687	180	9
688	170	9
689	197	9
690	193	9
691	186	9
692	172	9
693	152	9
694	204	9
695	191	9
696	141	9
697	202	9
698	137	9
699	184	9
700	180	9
701	178	9
702	173	9
703	194	9
704	169	9
705	176	9
706	173	9
707	157	9
708	200	9
709	174	9
710	205	9
711	131	9
712	171	9
713	193	9
714	151	9
715	191	9
716	213	9
717	166	9
718	169	9
719	165	9
720	130	9
721	163	9
722	163	9
723	186	9
724	182	9
725	132	9
726	210	9
727	147	9
728	164	9
729	172	9
730	156	9
731	225	9
732	139	9
733	167	9
734	155	9
735	181	9
736	126	9
737	170	9
738	186	9
739	171	9
740	172	9
741	179	9
742	158	9
743	167	9
744	147	9
745	167	9
746	147	9
747	166	9
748	182	9
749	176	9
750	145	9
751	175	9
752	154	9
753	183	9
754	155	9
755	180	9
756	158	9
757	152	9
758	195	9
759	168	9
760	134	9
761	161	9
762	153	9
763	175	9
764	147	9
765	158	9
766	162	9
767	228	9
768	113	9
769	157	9
770	159	9
771	193	9
772	181	9
773	145	9
774	180	9
775	166	9
776	134	9
777	200	9
778	163	9
779	165	9
780	176	9
781	178	9
782	162	9
783	135	9
784	154	9
785	167	9
786	176	9
787	176	9
788	159	9
789	143	9
790	153	9
791	153	9
792	141	9
793	185	9
794	123	9
795	188	9
796	142	9
797	153	9
798	141	9
799	152	9
800	166	9
801	145	9
802	149	9
803	175	9
804	189	9
805	130	9
806	150	9
807	135	9
808	137	9
809	167	9
810	129	9
811	154	9
812	168	9
813	167	9
814	162	9
815	137	9
816	144	9
817	180	9
818	144	9
819	163	9
820	139	9
821	131	9
822	154	9
823	113	9
824	132	9
825	159	9
826	135	9
827	161	9
828	146	9
829	157	9
830	162	9
831	168	9
832	103	9
833	149	9
834	159	9
835	150	9
836	169	9
837	127	9
838	177	9
839	109	9
840	137	9
841	165	9
842	155	9
843	151	9
844	149	9
845	155	9
846	131	9
847	152	9
848	143	9
849	140	9
850	159	9
851	156	9
852	144	9
853	113	9
854	167	9
855	112	9
856	142	9
857	171	9
858	131	9
859	157	9
860	171	9
861	134	9
862	138	9
863	169	9
864	128	9
865	153	9
866	159	9
867	144	9
868	167	9
869	144	9
870	160	9
871	157	9
872	122	9
873	153	9
874	128	9
875	116	9
876	166	9
877	152	9
878	168	9
879	156	9
880	146	9
881	139	9
882	153	9
883	162	9
884	134	9
885	130	9
886	168	9
887	124	9
888	126	9
889	167	9
890	140	9
891	169	9
892	136	9
893	151	9
894	138	9
895	166	9
896	98	9
897	148	9
898	129	9
899	149	9
900	189	9
901	140	9
902	158	9
903	133	9
904	123	9
905	148	9
906	121	9
907	154	9
908	138	9
909	145	9
910	156	9
911	117	9
912	157	9
913	145	9
914	155	9
915	134	9
916	144	9
917	140	9
918	153	9
919	105	9
920	148	9
921	149	9
922	128	9
923	140	9
924	121	9
925	155	9
926	151	9
927	151	9
928	117	9
929	155	9
930	150	9
931	126	9
932	180	9
933	113	9
934	167	9
935	146	9
936	123	9
937	176	9
938	127	9
939	131	9
940	181	9
941	129	9
942	136	9
943	130	9
944	138	9
945	139	9
946	140	9
947	143	9
948	153	9
949	118	9
950	158	9
951	137	9
952	121	9
953	143	9
954	140	9
955	153	9
956	133	9
957	126	9
958	153	9
959	129	9
960	107	9
961	139	9
962	132	9
963	117	9
964	163	9
965	104	9
966	164	9
967	118	9
968	137	9
969	142	9
970	146	9
971	133	9
972	149	9
973	126	9
974	158	9
975	175	9
976	119	9
977	147	9
978	146	9
979	131	9
980	121	9
981	137	9
982	163	9
983	108	9
984	137	9
985	151	9
986	109	9
987	145	9
988	146	9
989	122	9
990	150	9
991	158	9
992	108	9
993	131	9
994	172	9
995	113	9
996	177	9
997	118	9
998	153	9
999	119	9
1000	124	9
1001	144	9
1002	140	9
1003	118	9
1004	156	9
1005	144	9
1006	137	9
1007	120	9
1008	130	9
1009	124	9
1010	132	9
1011	124	9
1012	157	9
1013	125	9
1014	157	9
1015	128	9
1016	119	9
1017	168	9
1018	109	9
1019	137	9
1020	143	9
1021	130	9
1022	150	9
1023	186	9
1024	72	9
1025	135	9
1026	114	9
1027	126	9
1028	140	9
1029	124	9
1030	148	9
1031	112	9
1032	130	9
1033	138	9
1034	108	9
1035	136	9
1036	126	9
1037	137	9
1038	141	9
1039	140	9
1040	117	9
1041	149	9
1042	124	9
1043	174	9
1044	140	9
1045	137	9
1046	189	9
1047	125	9
1048	110	9
1049	172	9
1050	121	9
1051	187	9
1052	120	9
1053	147	9
1054	138	9
1055	147	9
1056	103	9
1057	115	9
1058	156	9
1059	126	9
1060	148	9
1061	123	9
1062	130	9
1063	147	9
1064	109	9
1065	152	9
1066	112	9
1067	127	9
1068	134	9
1069	134	9
1070	127	9
1071	118	9
1072	127	9
1073	129	9
1074	137	9
1075	166	9
1076	119	9
1077	129	9
1078	146	9
1079	127	9
1080	109	9
1081	157	9
1082	125	9
1083	163	9
1084	133	9
1085	149	9
1086	113	9
1087	150	9
1088	104	9
1089	139	9
1090	128	9
1091	145	9
1092	130	9
1093	126	9
1094	144	9
1095	98	9
1096	123	9
1097	158	9
1098	114	9
1099	152	9
1100	141	9
1101	138	9
1102	120	9
1103	167	9
1104	104	9
1105	145	9
1106	142	9
1107	152	9
1108	117	9
1109	125	9
1110	162	9
1111	133	9
1112	135	9
1113	154	9
1114	105	9
1115	156	9
1116	125	9
1117	127	9
1118	139	9
1119	127	9
1120	126	9
1121	158	9
1122	148	9
1123	153	9
1124	136	9
1125	146	9
1126	158	9
1127	158	9
1128	111	9
1129	143	9
1130	117	9
1131	139	9
1132	162	9
1133	130	9
1134	137	9
1135	160	9
1136	105	9
1137	157	9
1138	173	9
1139	135	9
1140	148	9
1141	119	9
1142	165	9
1143	146	9
1144	110	9
1145	141	9
1146	104	9
1147	140	9
1148	152	9
1149	137	9
1150	141	9
1151	146	9
1152	97	9
1153	127	9
1154	146	9
1155	134	9
1156	186	9
1157	126	9
1158	159	9
1159	107	9
1160	135	9
1161	176	9
1162	117	9
1163	134	9
1164	136	9
1165	141	9
1166	133	9
1167	121	9
1168	146	9
1169	129	9
1170	149	9
1171	164	9
1172	155	9
1173	125	9
1174	154	9
1175	105	9
1176	121	9
1177	190	9
1178	153	9
1179	157	9
1180	132	9
1181	168	9
1182	152	9
1183	156	9
1184	121	9
1185	154	9
1186	124	9
1187	133	9
1188	154	9
1189	126	9
1190	180	9
1191	134	9
1192	124	9
1193	167	9
1194	134	9
1195	129	9
1196	158	9
1197	137	9
1198	117	9
1199	134	9
1200	124	9
1201	123	9
1202	133	9
1203	141	9
1204	143	9
1205	100	9
1206	163	9
1207	140	9
1208	121	9
1209	138	9
1210	134	9
1211	161	9
1212	133	9
1213	154	9
1214	139	9
1215	137	9
1216	135	9
1217	138	9
1218	133	9
1219	141	9
1220	140	9
1221	113	9
1222	154	9
1223	114	9
1224	119	9
1225	138	9
1226	109	9
1227	117	9
1228	142	9
1229	134	9
1230	117	9
1231	134	9
1232	116	9
1233	122	9
1234	138	9
1235	140	9
1236	115	9
1237	105	9
1238	136	9
1239	103	9
1240	104	9
1241	157	9
1242	101	9
1243	143	9
1244	139	9
1245	117	9
1246	106	9
1247	134	9
1248	84	9
1249	119	9
1250	132	9
1251	118	9
1252	132	9
1253	92	9
1254	139	9
1255	114	9
1256	101	9
1257	132	9
1258	96	9
1259	95	9
1260	128	9
1261	101	9
1262	110	9
1263	96	9
1264	95	9
1265	89	9
1266	98	9
1267	116	9
1268	109	9
1269	86	9
1270	109	9
1271	89	9
1272	75	9
1273	104	9
1274	85	9
1275	94	9
1276	88	9
1277	94	9
1278	106	9
1279	132	9
1280	52	9
1281	94	9
1282	89	9
1283	95	9
1284	79	9
1285	69	9
1286	93	9
1287	84	9
1288	61	9
1289	78	9
1290	67	9
1291	69	9
1292	77	9
1293	72	9
1294	70	9
1295	74	9
1296	53	9
1297	70	9
1298	63	9
1299	103	9
1300	84	9
1301	44	9
1302	77	9
1303	63	9
1304	59	9
1305	76	9
1306	54	9
1307	66	9
1308	54	9
1309	59	9
1310	69	9
1311	66	9
1312	63	9
1313	60	9
1314	60	9
1315	56	9
1316	63	9
1317	57	9
1318	74	9
1319	50	9
1320	49	9
1321	63	9
1322	57	9
1323	56	9
1324	69	9
1325	72	9
1326	42	9
1327	44	9
1328	48	9
1329	68	9
1330	50	9
1331	57	9
1332	45	9
1333	39	9
1334	57	9
1335	48	9
1336	46	9
1337	52	9
1338	46	9
1339	49	9
1340	48	9
1341	45	9
1342	46	9
1343	68	9
1344	40	9
1345	51	9
1346	45	9
1347	42	9
1348	44	9
1349	30	9
1350	53	9
1351	22	9
1352	47	9
1353	47	9
1354	28	9
1355	41	9
1356	60	9
1357	44	9
1358	48	9
1359	52	9
1360	38	9
1361	39	9
1362	45	9
1363	46	9
1364	50	9
1365	32	9
1366	45	9
1367	38	9
1368	50	9
1369	45	9
1370	38	9
1371	46	9
1372	28	9
1373	33	9
1374	38	9
1375	29	9
1376	35	9
1377	36	9
1378	38	9
1379	32	9
1380	58	9
1381	28	9
1382	40	9
1383	40	9
1384	31	9
1385	45	9
1386	34	9
1387	32	9
1388	49	9
1389	39	9
1390	36	9
1391	38	9
1392	37	9
1393	35	9
1394	39	9
1395	38	9
1396	39	9
1397	25	9
1398	36	9
1399	23	9
1400	18	9
1401	31	9
1402	39	9
1403	42	9
1404	38	9
1405	23	9
1406	29	9
1407	29	9
1408	22	9
1409	42	9
1410	24	9
1411	33	9
1412	38	9
1413	28	9
1414	40	9
1415	24	9
1416	41	9
1417	28	9
1418	27	9
1419	29	9
1420	36	9
1421	27	9
1422	21	9
1423	27	9
1424	35	9
1425	25	9
1426	35	9
1427	36	9
1428	22	9
1429	32	9
1430	30	9
1431	22	9
1432	25	9
1433	32	9
1434	21	9
1435	31	9
1436	53	9
1437	37	9
1438	33	9
1439	36	9
1440	21	9
1441	21	9
1442	28	9
1443	24	9
1444	30	9
1445	15	9
1446	36	9
1447	33	9
1448	17	9
1449	29	9
1450	38	9
1451	25	9
1452	27	9
1453	20	9
1454	27	9
1455	27	9
1456	22	9
1457	22	9
1458	24	9
1459	27	9
1460	27	9
1461	24	9
1462	33	9
1463	21	9
1464	16	9
1465	25	9
1466	22	9
1467	19	9
1468	24	9
1469	25	9
1470	27	9
1471	17	9
1472	18	9
1473	30	9
1474	23	9
1475	22	9
1476	27	9
1477	24	9
1478	18	9
1479	14	9
1480	34	9
1481	28	9
1482	26	9
1483	28	9
1484	28	9
1485	22	9
1486	16	9
1487	26	9
1488	14	9
1489	27	9
1490	15	9
1491	20	9
1492	21	9
1493	23	9
1494	26	9
1495	22	9
1496	19	9
1497	25	9
1498	21	9
1499	25	9
1500	11	9
1501	10	9
1502	21	9
1503	27	9
1504	18	9
1505	18	9
1506	28	9
1507	18	9
1508	27	9
1509	19	9
1510	24	9
1511	14	9
1512	10	9
1513	35	9
1514	16	9
1515	18	9
1516	24	9
1517	24	9
1518	19	9
1519	18	9
1520	13	9
1521	17	9
1522	20	9
1523	17	9
1524	19	9
1525	15	9
1526	20	9
1527	25	9
1528	15	9
1529	19	9
1530	18	9
1531	22	9
1532	22	9
1533	16	9
1534	16	9
1535	14	9
1536	19	9
1537	17	9
1538	15	9
1539	17	9
1540	16	9
1541	13	9
1542	18	9
1543	14	9
1544	15	9
1545	24	9
1546	17	9
1547	13	9
1548	30	9
1549	30	9
1550	18	9
1551	26	9
1552	28	9
1553	14	9
1554	16	9
1555	25	9
1556	16	9
1557	19	9
1558	12	9
1559	25	9
1560	17	9
1561	30	9
1562	21	9
1563	28	9
1564	20	9
1565	16	9
1566	20	9
1567	15	9
1568	15	9
1569	20	9
1570	23	9
1571	24	9
1572	16	9
1573	23	9
1574	28	9
1575	19	9
1576	8	9
1577	25	9
1578	19	9
1579	20	9
1580	23	9
1581	21	9
1582	15	9
1583	18	9
1584	12	9
1585	15	9
1586	22	9
1587	20	9
1588	20	9
1589	15	9
1590	22	9
1591	16	9
1592	17	9
1593	20	9
1594	16	9
1595	32	9
1596	21	9
1597	17	9
1598	15	9
1599	16	9
1600	18	9
1601	16	9
1602	20	9
1603	17	9
1604	19	9
1605	9	9
1606	27	9
1607	15	9
1608	15	9
1609	25	9
1610	13	9
1611	16	9
1612	20	9
1613	19	9
1614	16	9
1615	23	10
1616	16	10
1617	21	10
1618	18	10
1619	30	10
1620	19	10
1621	19	10
1622	25	10
1623	16	10
1624	23	10
1625	28	11
1626	13	11
1627	25	11
1628	24	11
1629	27	11
1630	22	12
1631	20	12
1632	21	12
1633	25	12
1634	27	12
1635	25	13
1636	28	13
1637	25	13
1638	29	14
1639	27	14
1640	23	14
1641	35	15
1642	19	15
1643	22	16
1644	32	16
1645	28	17
1646	29	17
1647	33	18
1648	21	19
1649	14	19
1650	22	20
1651	39	21
1652	30	21
1653	27	22
1654	37	23
1655	36	24
1656	43	25
1657	41	26
1658	34	27
1659	37	28
1660	34	29
1661	34	30
1662	40	32
1663	45	33
1664	36	35
1665	38	36
1666	41	38
1667	46	39
1668	69	41
1669	32	43
1670	74	45
1671	43	47
1672	57	49
1673	66	51
1674	65	53
1675	71	55
1676	89	58
1677	77	60
1678	75	63
1679	62	66
1680	65	69
1681	84	72
1682	81	75
1683	98	78
1684	87	81
1685	94	85
1686	114	88
1687	70	92
1688	123	96
1689	133	100
1690	96	104
1691	123	108
1692	136	113
1693	129	117
1694	141	122
1695	143	127
1696	109	132
1697	125	137
1698	174	142
1699	141	148
1700	189	153
1701	136	159
1702	209	165
1703	168	171
1704	159	177
1705	220	184
1706	177	190
1707	191	197
1708	272	204
1709	229	211
1710	252	218
1711	194	225
1712	246	233
1713	258	240
1714	264	248
1715	315	256
1716	271	264
1717	229	272
1718	357	281
1719	261	289
1720	248	298
1721	357	307
1722	266	315
1723	338	324
1724	348	334
1725	349	343
1726	368	352
1727	307	362
1728	358	371
1729	389	381
1730	425	390
1731	350	400
1732	488	410
1733	323	420
1734	515	430
1735	344	440
1736	479	450
1737	547	460
1738	401	470
1739	502	480
1740	547	490
1741	483	500
1742	491	509
1743	523	519
1744	426	529
1745	511	539
1746	578	549
1747	617	559
1748	531	568
1749	461	578
1750	650	587
1751	416	596
1752	630	605
1753	682	615
1754	485	623
1755	692	632
1756	640	641
1757	618	649
1758	685	657
1759	690	665
1760	607	673
1761	686	680
1762	696	688
1763	655	695
1764	811	702
1765	569	708
1766	833	715
1767	654	721
1768	627	726
1769	835	732
1770	638	737
1771	737	742
1772	866	746
1773	714	751
1774	741	754
1775	698	758
1776	685	761
1777	711	764
1778	807	767
1779	893	769
1780	797	771
1781	613	772
1782	960	774
1783	743	775
1784	687	775
1785	882	775
1786	635	775
1787	864	774
1788	819	773
1789	748	772
1790	803	770
1791	920	768
1792	581	766
1793	772	763
1794	807	760
1795	744	757
1796	920	753
1797	642	749
1798	911	745
1799	580	740
1800	722	735
1801	858	730
1802	635	725
1803	720	719
1804	857	713
1805	705	706
1806	707	700
1807	562	693
1808	701	686
1809	691	678
1810	635	671
1811	715	663
1812	682	655
1813	556	647
1814	794	638
1815	510	630
1816	648	621
1817	704	612
1818	507	603
1819	711	594
1820	610	584
1821	589	575
1822	557	565
1823	515	556
1824	558	546
1825	510	536
1826	529	526
1827	512	517
1828	605	507
1829	414	497
1830	556	487
1831	450	477
1832	398	467
1833	536	457
1834	415	447
1835	381	437
1836	498	427
1837	397	417
1838	390	407
1839	310	397
1840	399	388
1841	352	378
1842	345	368
1843	410	359
1844	383	349
1845	277	340
1846	371	331
1847	278	322
1848	260	313
1849	365	304
1850	283	295
1851	326	287
1852	332	278
1853	258	270
1854	277	262
1855	234	254
1856	211	246
1857	246	238
1858	239	231
1859	219	223
1860	247	216
1861	153	209
1862	226	202
1863	122	195
1864	184	188
1865	203	182
1866	163	175
1867	146	169
1868	178	163
1869	155	157
1870	146	152
1871	124	146
1872	118	141
1873	121	135
1874	140	130
1875	133	125
1876	111	120
1877	80	116
1878	126	111
1879	73	107
1880	125	103
1881	101	99
1882	80	95
1883	80	91
1884	105	87
1885	89	84
1886	64	80
1887	61	77
1888	63	74
1889	61	71
1890	60	68
1891	62	65
1892	55	62
1893	42	60
1894	72	57
1895	40	55
1896	29	52
1897	45	50
1898	31	48
1899	39	46
1900	45	44
1901	40	42
1902	42	40
1903	27	39
1904	26	37
1905	26	36
1906	32	34
1907	26	33
1908	21	31
1909	17	30
1910	25	29
1911	22	28
1912	14	27
1913	19	26
1914	10	25
1915	16	24
1916	15	23
1917	19	22
1918	10	21
1919	12	20
1920	9	20
1921	10	19
1922	9	18
1923	9	18
1924	19	17
1925	10	17
1926	12	16
1927	7	16
1928	5	15
1929	13	15
1930	8	14
1931	6	14
1932	8	14
1933	9	13
1934	4	13
1935	9	13
1936	5	12
1937	10	12
1938	2	12
1939	7	12
1940	5	11
1941	4	11
1942	8	11
1943	4	11
1944	4	11
1945	5	11
1946	2	10
1947	5	10
1948	2	10
1949	6	10
1950	3	10
1951	3	10
1952	4	10
1953	4	10
1954	5	10
1955	7	9
1956	6	9
1957	6	9
1958	9	9
1959	7	9
1960	4	9
1961	2	9
1962	3	9
1963	4	9
1964	4	9
1965	7	9
1966	2	9
1967	2	9
1968	4	9
1969	2	9
1970	4	9
1971	10	9
1972	3	9
1973	1	9
1974	4	9
1975	1	9
1976	3	9
1977	2	9
1978	1	9
1979	6	9
1980	5	9
1981	2	9
1982	3	9
1983	7	9
1984	4	9
1985	3	9
1986	1	9
1987	2	9
1988	3	9
1989	0	9
1990	4	9
1991	1	9
1992	2	9
1993	4	9
1994	0	9
1995	2	9
1996	2	9
1997	5	9
1998	2	9
1999	2	9
2000	1	9
2001	1	9
2002	2	9
2003	4	9
2004	4	9
2005	3	9
2006	4	9
2007	2	9
2008	6	9
2009	5	9
2010	4	9
2011	4	9
2012	1	9
2013	3	9
2014	3	9
2015	1	9
2016	1	9
2017	1	9
2018	4	9
2019	3	9
2020	2	9
2021	3	9
2022	4	9
2023	4	9
2024	2	9
2025	3	9
2026	3	9
2027	3	9
2028	1	9
2029	5	9
2030	2	9
2031	1	9
2032	3	9
2033	1	9
2034	3	9
2035	3	9
2036	2	9
2037	2	9
2038	8	9
2039	3	9
2040	0	9
2041	6	9
2042	1	9
2043	6	9
2044	1	9
2045	5	9
2046	3	9
2047	3	9
2048	1	9
2049	3	9
2050	1	9
2051	0	9
2052	3	9
2053	1	9
2054	2	9
2055	3	9
2056	7	9
2057	4	9
2058	3	9
2059	1	9
2060	4	9
2061	1	9
2062	2	9
2063	0	9
2064	1	9
2065	0	9
2066	3	9
2067	2	9
2068	3	9
2069	1	9
2070	6	9
2071	1	9
2072	4	9
2073	3	9
2074	1	9
2075	1	9
2076	1	9
2077	3	9
2078	5	9
2079	1	9
2080	2	9
2081	3	9
2082	1	9
2083	0	9
2084	4	9
2085	7	9
2086	3	9
2087	2	9
2088	1	9
2089	3	9
2090	1	9
2091	2	9
2092	3	9
2093	6	9
2094	2	9
2095	1	9
2096	3	9
2097	1	9
2098	2	9
2099	3	9
2100	0	9
2101	2	9
2102	1	9
2103	2	9
2104	5	9
2105	3	9
2106	5	9
2107	3	9
2108	6	9
2109	1	9
2110	0	9
2111	1	9
2112	2	9
2113	2	9
2114	1	9
2115	1	9
2116	0	9
2117	1	9
2118	0	9
2119	2	9
2120	5	9
2121	1	9
2122	1	9
2123	1	9
2124	2	9
2125	2	9
2126	4	9
2127	4	9
2128	0	9
2129	1	9
2130	4	9
2131	3	9
2132	2	9
2133	2	9
2134	3	9
2135	0	9
2136	1	9
2137	0	9
2138	2	9
2139	4	9
2140	0	9
2141	4	9
2142	2	9
2143	2	9
2144	3	9
2145	1	9
2146	3	9
2147	0	9
2148	6	9
2149	3	9
2150	6	9
2151	0	9
2152	6	9
2153	0	9
2154	2	9
2155	1	9
2156	3	9
2157	0	9
2158	3	9
2159	1	9
2160	1	9
2161	2	9
2162	5	9
2163	2	9
2164	4	9
2165	2	9
2166	1	9
2167	1	9
2168	2	9
2169	5	9
2170	1	9
2171	2	9
2172	3	9
2173	1	9
2174	0	9
2175	1	9
2176	1	9
2177	0	9
2178	1	9
2179	2	9
2180	1	9
2181	0	9
2182	4	9
2183	0	9
2184	0	9
2185	2	9
2186	4	9
2187	1	9
2188	2	9
2189	1	9
2190	2	9
2191	1	9
2192	2	9
2193	1	9
2194	1	9
2195	1	9
2196	0	9
2197	3	9
2198	0	9
2199	3	9
2200	1	9
2201	1	9
2202	0	9
2203	0	9
2204	2	9
2205	0	9
2206	3	9
2207	3	9
2208	2	9
2209	1	9
2210	0	9
2211	1	9
2212	2	9
2213	0	9
2214	3	9
2215	0	9
2216	0	9
2217	2	9
2218	0	9
2219	3	9
2220	1	9
2221	2	9
2222	4	9
2223	0	9
2224	3	9
2225	2	9
2226	1	9
2227	2	9
2228	2	9
2229	3	9
2230	1	9
2231	1	9
2232	1	9
2233	1	9
2234	3	9
2235	0	9
2236	0	9
2237	1	9
2238	0	9
2239	1	9
2240	2	9
2241	1	9
2242	0	9
2243	0	9
2244	3	9
2245	3	9
2246	3	9
2247	0	9
2248	4	9
2249	2	9
2250	2	9
2251	0	9
2252	3	9
2253	1	9
2254	2	9
2255	1	9
2256	0	9
2257	2	9
2258	2	9
2259	1	9
2260	3	9
2261	1	9
2262	0	9
2263	0	9
2264	4	9
2265	2	9
2266	5	9
2267	2	9
2268	0	9
2269	5	9
2270	3	9
2271	0	9
2272	1	9
2273	3	9
2274	3	9
2275	2	9
2276	3	9
2277	2	9
2278	3	9
2279	2	9
2280	1	9
2281	1	9
2282	4	9
2283	1	9
2284	1	9
2285	0	9
2286	3	9
2287	3	9
2288	1	9
2289	2	9
2290	1	9
2291	4	9
2292	1	9
2293	2	9
2294	2	9
2295	1	9
2296	0	9
2297	0	9
2298	1	9
2299	4	9
2300	1	9
2301	5	9
2302	0	9
2303	1	9
2304	1	9
2305	2	9
2306	2	9
2307	2	9
2308	3	9
2309	0	9
2310	1	9
2311	0	9
2312	1	9
2313	0	9
2314	1	9
2315	1	9
2316	0	9
2317	2	9
2318	0	9
2319	2	9
2320	2	9
2321	2	9
2322	0	9
2323	1	9
2324	1	9
2325	0	9
2326	0	9
2327	1	9
2328	1	9
2329	2	9
2330	1	9
2331	1	9
2332	0	9
2333	2	9
2334	0	9
2335	2	9
2336	1	9
2337	4	9
2338	2	9
2339	2	9
2340	1	9
2341	2	9
2342	3	9
2343	2	9
2344	1	9
2345	3	9
2346	1	9
2347	0	9
2348	4	9
2349	2	9
2350	2	9
2351	2	9
2352	2	9
2353	2	9
2354	1	9
2355	5	9
2356	1	9
2357	5	9
2358	1	9
2359	3	9
2360	3	9
2361	1	9
2362	1	9
2363	2	9
2364	3	9
2365	0	9
2366	3	9
2367	0	9
2368	0	9
2369	1	9
2370	1	9
2371	1	9
2372	2	9
2373	0	9
2374	0	9
2375	0	9
2376	1	9
2377	1	9
2378	1	9
2379	0	9
2380	5	9
2381	1	9
2382	3	9
2383	2	9
2384	2	9
2385	5	9
2386	2	9
2387	0	9
2388	1	9
2389	2	9
2390	3	9
2391	1	9
2392	2	9
2393	3	9
2394	0	9
2395	2	9
2396	0	9
2397	0	9
2398	0	9
2399	1	9
2400	1	9
2401	3	9
2402	2	9
2403	2	9
2404	2	9
2405	0	9
2406	2	9
2407	3	9
2408	3	9
2409	0	9
2410	2	9
2411	0	9
2412	6	9
2413	2	9
2414	1	9
2415	4	9
2416	2	9
2417	0	9
2418	0	9
2419	1	9
2420	0	9
2421	2	9
2422	0	9
2423	0	9
2424	1	9
2425	4	9
2426	1	9
2427	3	9
2428	2	9
2429	4	9
2430	1	9
2431	0	9
2432	1	9
2433	3	9
2434	2	9
2435	1	9
2436	2	9
2437	1	9
2438	1	9
2439	1	9
2440	1	9
2441	1	9
2442	2	9
2443	1	9
2444	0	9
2445	0	9
2446	5	9
2447	1	9
2448	2	9
2449	1	9
2450	0	9
2451	0	9
2452	1	9
2453	1	9
2454	1	9
2455	2	9
2456	0	9
2457	2	9
2458	1	9
2459	2	9
2460	0	9
2461	1	9
2462	0	9
2463	4	9
2464	2	9
2465	2	9
2466	0	9
2467	1	9
2468	3	9
2469	4	9
2470	2	9
2471	2	9
2472	0	9
2473	3	9
2474	2	9
2475	0	9
2476	2	9
2477	3	9
2478	1	9
2479	1	9
2480	2	9
2481	3	9
2482	0	9
2483	3	9
2484	0	9
2485	0	9
2486	0	9
2487	2	9
2488	1	9
2489	2	9
2490	0	9
2491	3	9
2492	4	9
2493	3	9
2494	2	9
2495	4	9
2496	1	9
2497	0	9
2498	3	9
2499	1	9
2500	1	9
2501	2	9
2502	2	9
2503	0	9
2504	2	9
2505	1	9
2506	1	9
2507	1	9
2508	2	9
2509	1	9
2510	3	9
2511	1	9
2512	2	9
2513	2	9
2514	1	9
2515	2	9
2516	2	9
2517	0	9
2518	1	9
2519	1	9
2520	0	9
2521	1	9
2522	3	9
2523	1	9
2524	0	9
2525	0	9
2526	2	9
2527	2	9
2528	0	9
2529	1	9
2530	1	9
2531	2	9
2532	0	9
2533	0	9
2534	4	9
2535	2	9
2536	1	9
2537	0	9
2538	3	9
2539	2	9
2540	3	9
2541	2	9
2542	1	9
2543	2	9
2544	0	9
2545	1	9
2546	1	9
2547	0	9
2548	0	9
2549	3	9
2550	2	9
2551	2	9
2552	1	9
2553	1	9
2554	0	9
2555	2	9
2556	3	9
2557	0	9
2558	3	9
2559	0	9
2560	1	9
2561	1	9
2562	1	9
2563	1	9
2564	0	9
2565	1	9
2566	1	9
2567	1	9
2568	1	9
2569	2	9
2570	0	9
2571	1	9
2572	2	9
2573	0	9
2574	0	9
2575	1	9
2576	0	9
2577	2	9
2578	0	9
2579	2	9
2580	0	9
2581	0	9
2582	0	9
2583	1	9
2584	1	9
2585	2	9
2586	1	9
2587	1	9
2588	0	9
2589	1	9
2590	2	9
2591	2	9
2592	0	9
2593	0	9
2594	2	9
2595	2	9
2596	0	9
2597	1	9
2598	4	9
2599	0	9
2600	4	9
2601	0	9
2602	2	9
2603	2	9
2604	2	9
2605	0	9
2606	1	9
2607	0	9
2608	1	9
2609	2	9
2610	0	9
2611	1	9
2612	0	9
2613	2	9
2614	1	9
2615	0	9
2616	0	9
2617	3	9
2618	1	9
2619	3	9
2620	1	9
2621	1	9
2622	3	9
2623	0	9
2624	0	9
2625	1	9
2626	2	9
2627	0	9
2628	0	9
2629	0	9
2630	0	9
2631	1	9
2632	1	9
2633	2	9
2634	0	9
2635	1	9
2636	1	9
2637	1	9
2638	3	9
2639	0	9
2640	0	9
2641	1	9
2642	0	9
2643	1	9
2644	1	9
2645	0	9
2646	4	9
2647	0	9
2648	4	9
2649	5	9
2650	1	9
2651	0	9
2652	1	9
2653	1	9
2654	2	9
2655	1	9
2656	3	9
2657	1	9
2658	1	9
2659	1	9
2660	0	9
2661	0	9
2662	1	9
2663	0	9
2664	0	9
2665	0	9
2666	2	9
2667	0	9
2668	2	9
2669	4	9
2670	2	9
2671	0	9
2672	0	9
2673	2	9
2674	1	9
2675	3	9
2676	2	9
2677	1	9
2678	3	9
2679	2	9
2680	0	9
2681	1	9
2682	1	9
2683	2	9
2684	3	9
2685	0	9
2686	1	9
2687	2	9
2688	1	9
2689	1	9
2690	0	9
2691	0	9
2692	0	9
2693	1	9
2694	1	9
2695	2	9
2696	0	9
2697	1	9
2698	2	9
2699	2	9
2700	2	9
2701	0	9
2702	1	9
2703	0	9
2704	1	9
2705	1	9
2706	0	9
2707	0	9
2708	1	9
2709	1	9
2710	1	9
2711	0	9
2712	2	9
2713	1	9
2714	0	9
2715	0	9
2716	1	9
2717	2	9
2718	1	9
2719	0	9
2720	1	9
2721	1	9
2722	1	9
2723	0	9
2724	0	9
2725	0	9
2726	0	9
2727	2	9
2728	0	9
2729	1	9
2730	1	9
2731	2	9
2732	1	9
2733	2	9
2734	1	9
2735	0	9
2736	1	9
2737	4	9
2738	2	9
2739	1	9
2740	0	9
2741	0	9
2742	1	9
2743	0	9
2744	0	9
2745	1	9
2746	1	9
2747	4	9
2748	1	9
2749	2	9
2750	1	9
2751	0	9
2752	1	9
2753	0	9
2754	2	9
2755	1	9
2756	1	9
2757	2	9
2758	1	9
2759	0	9
2760	0	9
2761	1	9
2762	0	9
2763	2	9
2764	0	9
2765	0	9
2766	1	9
2767	3	9
2768	1	9
2769	0	9
2770	0	9
2771	1	9
2772	4	9
2773	0	9
2774	0	9
2775	1	9
2776	0	9
2777	1	9
2778	1	9
2779	2	9
2780	1	9
2781	0	9
2782	3	9
2783	0	9
2784	2	9
2785	2	9
2786	1	9
2787	0	9
2788	0	9
2789	0	9
2790	0	9
2791	0	9
2792	0	9
2793	1	9
2794	1	9
2795	1	9
2796	2	9
2797	0	9
2798	1	9
2799	1	9
2800	1	9
2801	2	9
2802	0	9
2803	2	9
2804	0	9
2805	1	9
2806	1	9
2807	1	9
2808	0	9
2809	4	9
2810	0	9
2811	1	9
2812	1	9
2813	1	9
2814	0	9
2815	1	9
2816	1	9
2817	0	9
2818	0	9
2819	3	9
2820	1	9
2821	1	9
2822	1	9
2823	0	9
2824	4	9
2825	0	9
2826	0	9
2827	3	9
2828	0	9
2829	1	9
2830	0	9
2831	0	9
2832	4	9
2833	1	9
2834	0	9
2835	0	9
2836	0	9
2837	0	9
2838	3	9
2839	0	9
2840	0	9
2841	1	9
2842	0	9
2843	1	9
2844	0	9
2845	0	9
2846	2	9
2847	0	9
2848	1	9
2849	1	9
2850	2	9
2851	3	9
2852	2	9
2853	1	9
2854	1	9
2855	0	9
2856	0	9
2857	1	9
2858	2	9
2859	1	9
2860	1	9
2861	1	9
2862	1	9
2863	0	9
2864	1	9
2865	0	9
2866	1	9
2867	0	9
2868	0	9
2869	0	9
2870	0	9
2871	1	9
2872	0	9
2873	1	9
2874	1	9
2875	0	9
2876	0	9
2877	1	9
2878	2	9
2879	2	9
2880	0	9
2881	2	9
2882	2	9
2883	0	9
2884	2	9
2885	0	9
2886	1	9
2887	0	9
2888	0	9
2889	0	9
2890	1	9
2891	1	9
2892	0	9
2893	1	9
2894	0	9
2895	3	9
2896	0	9
2897	0	9
2898	0	9
2899	1	9
2900	2	9
2901	0	9
2902	1	9
2903	0	9
2904	3	9
2905	2	9
2906	0	9
2907	1	9
2908	1	9
2909	1	9
2910	0	9
2911	1	9
2912	1	9
2913	3	9
2914	0	9
2915	2	9
2916	1	9
2917	1	9
2918	0	9
2919	1	9
2920	0	9
2921	0	9
2922	0	9
2923	3	9
2924	0	9
2925	0	9
2926	1	9
2927	0	9
2928	0	9
2929	0	9
2930	0	9
2931	1	9
2932	1	9
2933	0	9
2934	3	9
2935	2	9
2936	1	9
2937	2	9
2938	1	9
2939	1	9
2940	0	9
2941	2	9
2942	0	9
2943	0	9
2944	0	9
2945	0	9
2946	1	9
2947	2	9
2948	0	9
2949	1	9
2950	5	9
2951	0	9
2952	1	9
2953	0	9
2954	1	9
2955	0	9
2956	1	9
2957	0	9
2958	1	9
2959	1	9
2960	1	9
2961	1	9
2962	1	9
2963	0	9
2964	0	9
2965	0	9
2966	3	9
2967	0	9
2968	2	9
2969	1	9
2970	0	9
2971	2	9
2972	0	9
2973	1	9
2974	0	9
2975	0	9
2976	1	9
2977	1	9
2978	0	9
2979	1	9
2980	0	9
2981	1	9
2982	3	9
2983	0	9
2984	0	9
2985	2	9
2986	2	9
2987	1	9
2988	0	9
2989	2	9
2990	2	9
2991	4	9
2992	1	9
2993	0	9
2994	0	9
2995	0	9
2996	2	9
2997	0	9
2998	2	9
2999	2	9
3000	0	9
3001	2	9
3002	2	9
3003	1	9
3004	1	9
3005	1	9
3006	0	9
3007	5	9
3008	1	9
3009	1	9
3010	1	9
3011	2	9
3012	2	9
3013	1	9
3014	1	9
3015	2	9
3016	1	9
3017	2	9
3018	2	9
3019	2	9
3020	1	9
3021	1	9
3022	0	9
3023	1	9
3024	3	9
3025	0	9
3026	0	9
3027	0	9
3028	2	9
3029	0	9
3030	2	9
3031	0	9
3032	2	9
3033	3	9
3034	0	9
3035	0	9
3036	1	9
3037	2	9
3038	1	9
3039	0	9
3040	1	9
3041	3	9
3042	0	9
3043	1	9
3044	0	9
3045	2	9
3046	3	9
3047	3	9
3048	1	9
3049	0	9
3050	0	9
3051	1	9
3052	0	9
3053	0	9
3054	1	9
3055	3	9
3056	2	9
3057	1	9
3058	1	9
3059	0	9
3060	2	9
3061	0	9
3062	4	9
3063	1	9
3064	0	9
3065	1	9
3066	0	9
3067	1	9
3068	2	9
3069	0	9
3070	1	9
3071	0	9
3072	3	9
3073	1	9
3074	0	9
3075	1	9
3076	1	9
3077	1	9
3078	1	9
3079	0	9
3080	0	9
3081	2	9
3082	0	9
3083	1	9
3084	0	9
3085	0	9
3086	2	9
3087	0	9
3088	1	9
3089	0	9
3090	1	9
3091	0	9
3092	1	9
3093	1	9
3094	1	9
3095	1	9
3096	0	9
3097	2	9
3098	1	9
3099	2	9
3100	1	9
3101	0	9
3102	3	9
3103	0	9
3104	2	9
3105	0	9
3106	0	9
3107	2	9
3108	1	9
3109	1	9
3110	1	9
3111	2	9
3112	0	9
3113	0	9
3114	1	9
3115	0	9
3116	0	9
3117	0	9
3118	0	9
3119	0	9
3120	0	9
3121	2	9
3122	0	9
3123	1	9
3124	1	9
3125	1	9
3126	2	9
3127	0	9
3128	0	9
3129	2	9
3130	0	9
3131	2	9
3132	1	9
3133	1	9
3134	1	9
3135	0	9
3136	0	9
3137	5	9
3138	0	9
3139	1	9
3140	1	9
3141	1	9
3142	0	9
3143	1	9
3144	1	9
3145	1	9
3146	1	9
3147	0	9
3148	0	9
3149	2	9
3150	0	9
3151	0	9
3152	0	9
3153	0	9
3154	0	9
3155	3	9
3156	0	9
3157	0	9
3158	0	9
3159	1	9
3160	1	9
3161	1	9
3162	0	9
3163	0	9
3164	0	9
3165	1	9
3166	0	9
3167	0	9
3168	1	9
3169	1	9
3170	1	9
3171	0	9
3172	0	9
3173	1	9
3174	1	9
3175	0	9
3176	0	9
3177	2	9
3178	0	9
3179	0	9
3180	0	9
3181	1	9
3182	0	9
3183	0	9
3184	0	9
3185	0	9
3186	1	9
3187	1	9
3188	0	9
3189	0	9
3190	0	9
3191	0	9
3192	0	9
3193	1	9
3194	0	9
3195	0	9
3196	1	9
3197	0	9
3198	2	9
3199	1	9
3200	1	9
3201	1	9
3202	0	9
3203	0	9
3204	1	9
3205	0	9
3206	0	9
3207	0	9
3208	2	9
3209	0	9
3210	0	9
3211	0	9
3212	0	9
3213	1	9
3214	1	9
3215	0	9
3216	1	9
3217	0	9
3218	1	9
3219	0	9
3220	0	9
3221	0	9
3222	0	9
3223	2	9
3224	0	9
3225	1	9
3226	0	9
3227	0	9
3228	2	9
3229	0	9
3230	0	9
3231	1	9
3232	0	9
3233	0	9
3234	2	9
3235	0	9
3236	0	9
3237	0	9
3238	0	9
3239	0	9
3240	1	9
3241	1	9
3242	2	9
3243	2	9
3244	0	9
3245	0	9
3246	3	9
3247	1	9
3248	1	9
3249	0	9
3250	0	9
3251	0	9
3252	1	9
3253	0	9
3254	1	9
3255	0	9
3256	0	9
3257	1	9
3258	0	9
3259	0	9
3260	0	9
3261	1	9
3262	1	9
3263	1	9
3264	0	9
3265	1	9
3266	0	9
3267	0	9
3268	2	9
3269	1	9
3270	0	9
3271	0	9
3272	0	9
3273	1	9
3274	0	9
3275	1	9
3276	0	9
3277	0	9
3278	1	9
3279	0	9
3280	1	9
3281	1	9
3282	0	9
3283	1	9
3284	0	9
3285	0	9
3286	0	9
3287	0	9
3288	2	9
3289	2	9
3290	1	9
3291	0	9
3292	1	9
3293	0	9
3294	0	9
3295	2	9
3296	0	9
3297	1	9
3298	3	9
3299	0	9
3300	0	9
3301	0	9
3302	2	9
3303	0	9
3304	1	9
3305	3	9
3306	0	9
3307	0	9
3308	1	9
3309	1	9
3310	0	9
3311	1	9
3312	2	9
3313	0	9
3314	2	9
3315	2	9
3316	3	9
3317	0	9
3318	2	9
3319	1	9
3320	0	9
3321	0	9
3322	0	9
3323	0	9
3324	1	9
3325	0	9
3326	0	9
3327	1	9
3328	0	9
3329	0	9
3330	0	9
3331	2	9
3332	1	9
3333	0	9
3334	1	9
3335	0	9
3336	1	9
3337	0	9
3338	0	9
3339	1	9
3340	0	9
3341	1	9
3342	1	9
3343	1	9
3344	1	9
3345	0	9
3346	1	9
3347	0	9
3348	1	9
3349	1	9
3350	0	9
3351	1	9
3352	1	9
3353	3	9
3354	0	9
3355	0	9
3356	0	9
3357	1	9
3358	1	9
3359	0	9
3360	0	9
3361	1	9
3362	1	9
3363	2	9
3364	1	9
3365	2	9
3366	0	9
3367	1	9
3368	1	9
3369	5	9
3370	0	9
3371	1	9
3372	0	9
3373	2	9
3374	0	9
3375	0	9
3376	3	9
3377	0	9
3378	2	9
3379	1	9
3380	1	9
3381	0	9
3382	1	9
3383	0	9
3384	0	9
3385	2	9
3386	0	9
3387	1	9
3388	0	9
3389	0	9
3390	1	9
3391	0	9
3392	0	9
3393	0	9
3394	1	9
3395	0	9
3396	0	9
3397	0	9
3398	1	9
3399	0	9
3400	3	9
3401	0	9
3402	1	9
3403	2	9
3404	0	9
3405	0	9
3406	2	9
3407	0	9
3408	1	9
3409	1	9
3410	0	9
3411	1	9
3412	0	9
3413	0	9
3414	1	9
3415	0	9
3416	1	9
3417	1	9
3418	2	9
3419	1	9
3420	1	9
3421	1	9
3422	0	9
3423	0	9
3424	0	9
3425	0	9
3426	0	9
3427	1	9
3428	1	9
3429	0	9
3430	1	9
3431	2	9
3432	0	9
3433	2	9
3434	1	9
3435	1	9
3436	2	9
3437	0	9
3438	0	9
3439	0	9
3440	0	9
3441	1	9
3442	0	9
3443	2	9
3444	0	9
3445	0	9
3446	2	9
3447	0	9
3448	0	9
3449	0	9
3450	0	9
3451	3	9
3452	2	9
3453	0	9
3454	0	9
3455	0	9
3456	0	9
3457	0	9
3458	0	9
3459	1	9
3460	0	9
3461	1	9
3462	0	9
3463	2	9
3464	1	9
3465	0	9
3466	1	9
3467	0	9
3468	1	9
3469	1	9
3470	2	9
3471	1	9
3472	3	9
3473	0	9
3474	1	9
3475	0	9
3476	0	9
3477	0	9
3478	1	9
3479	0	9
3480	3	9
3481	3	9
3482	0	9
3483	1	9
3484	1	9
3485	0	9
3486	0	9
3487	1	9
3488	1	9
3489	0	9
3490	0	9
3491	1	9
3492	2	9
3493	0	9
3494	0	9
3495	0	9
3496	0	9
3497	1	9
3498	0	9
3499	1	9
3500	1	9
3501	1	9
3502	0	9
3503	1	9
3504	4	9
3505	0	9
3506	1	9
3507	0	9
3508	1	9
3509	0	9
3510	1	9
3511	0	9
3512	1	9
3513	0	9
3514	1	9
3515	0	9
3516	0	9
3517	0	9
3518	0	9
3519	0	9
3520	0	9
3521	2	9
3522	0	9
3523	1	9
3524	1	9
3525	1	9
3526	1	9
3527	0	9
3528	1	9
3529	1	9
3530	0	9
3531	0	9
3532	1	9
3533	0	9
3534	0	9
3535	1	9
3536	0	9
3537	0	9
3538	0	9
3539	1	9
3540	0	9
3541	0	9
3542	2	9
3543	1	9
3544	4	9
3545	0	9
3546	0	9
3547	0	9
3548	1	9
3549	3	9
3550	0	9
3551	2	9
3552	0	9
3553	0	9
3554	0	9
3555	1	9
3556	1	9
3557	0	9
3558	1	9
3559	2	9
3560	1	9
3561	0	9
3562	0	9
3563	1	9
3564	0	9
3565	1	9
3566	1	9
3567	0	9
3568	1	9
3569	1	9
3570	0	9
3571	2	9
3572	2	9
3573	1	9
3574	1	9
3575	0	9
3576	0	9
3577	0	9
3578	0	9
3579	0	9
3580	0	9
3581	0	9
3582	0	9
3583	0	9
3584	0	9
3585	0	9
3586	0	9
3587	1	9
3588	0	9
3589	1	9
3590	0	9
3591	1	9
3592	0	9
3593	0	9
3594	0	9
3595	0	9
3596	1	9
3597	1	9
3598	0	9
3599	1	9
3600	1	9
3601	0	9
3602	0	9
3603	1	9
3604	2	9
3605	0	9
3606	0	9
3607	0	9
3608	0	9
3609	0	9
3610	0	9
3611	0	9
3612	0	9
3613	0	9
3614	0	9
3615	0	9
3616	0	9
3617	0	9
3618	1	9
3619	0	9
3620	1	9
3621	1	9
3622	0	9
3623	0	9
3624	0	9
3625	0	9
3626	0	9
3627	0	9
3628	1	9
3629	0	9
3630	0	9
3631	0	9
3632	1	9
3633	1	9
3634	0	9
3635	0	9
3636	0	9
3637	1	9
3638	1	9
3639	0	9
3640	0	9
3641	0	9
3642	0	9
3643	0	9
3644	0	9
3645	0	9
3646	0	9
3647	0	9
3648	0	9
3649	0	9
3650	0	9
3651	0	9
3652	2	9
3653	1	9
3654	0	9
3655	1	9
3656	0	9
3657	0	9
3658	1	9
3659	1	9
3660	0	9
3661	0	9
3662	1	9
3663	0	9
3664	1	9
3665	0	9
3666	0	9
3667	0	9
3668	1	9
3669	1	9
3670	0	9
3671	0	9
3672	0	9
3673	1	9
3674	0	9
3675	0	9
3676	0	9
3677	0	9
3678	0	9
3679	0	9
3680	0	9
3681	0	9
3682	0	9
3683	0	9
3684	0	9
3685	1	9
3686	0	9
3687	0	9
3688	0	9
3689	0	9
3690	0	9
3691	0	9
3692	0	9
3693	0	9
3694	0	9
3695	1	9
3696	1	9
3697	0	9
3698	1	9
3699	1	9
3700	0	9
3701	0	9
3702	1	9
3703	0	9
3704	0	9
3705	0	9
3706	1	9
3707	0	9
3708	1	9
3709	0	9
3710	0	9
3711	1	9
3712	0	9
3713	1	9
3714	1	9
3715	0	9
3716	0	9
3717	0	9
3718	0	9
3719	1	9
3720	0	9
3721	1	9
3722	0	9
3723	0	9
3724	0	9
3725	1	9
3726	2	9
3727	0	9
3728	0	9
3729	0	9
3730	0	9
3731	0	9
3732	1	9
3733	1	9
3734	0	9
3735	2	9
3736	1	9
3737	2	9
3738	0	9
3739	0	9
3740	0	9
3741	0	9
3742	1	9
3743	1	9
3744	0	9
3745	1	9
3746	0	9
3747	1	9
3748	0	9
3749	0	9
3750	3	9
3751	2	9
3752	0	9
3753	1	9
3754	0	9
3755	0	9
3756	0	9
3757	2	9
3758	0	9
3759	0	9
3760	0	9
3761	0	9
3762	1	9
3763	0	9
3764	0	9
3765	0	9
3766	0	9
3767	1	9
3768	0	9
3769	0	9
3770	2	9
3771	0	9
3772	0	9
3773	1	9
3774	1	9
3775	1	9
3776	0	9
3777	1	9
3778	0	9
3779	1	9
3780	0	9
3781	2	9
3782	0	9
3783	0	9
3784	1	9
3785	1	9
3786	0	9
3787	0	9
3788	1	9
3789	0	9
3790	0	9
3791	1	9
3792	0	9
3793	0	9
3794	1	9
3795	2	9
3796	0	9
3797	0	9
3798	1	9
3799	0	9
3800	1	9
3801	0	9
3802	0	9
3803	0	9
3804	0	9
3805	0	9
3806	0	9
3807	0	9
3808	3	9
3809	0	9
3810	0	9
3811	0	9
3812	1	9
3813	0	9
3814	1	9
3815	0	9
3816	1	9
3817	0	9
3818	0	9
3819	0	9
3820	0	9
3821	1	9
3822	0	9
3823	2	9
3824	0	9
3825	0	9
3826	0	9
3827	1	9
3828	1	9
3829	0	9
3830	0	9
3831	1	9
3832	0	9
3833	2	9
3834	0	9
3835	0	9
3836	2	9
3837	0	9
3838	2	9
3839	0	9
3840	0	9
3841	0	9
3842	0	9
3843	1	9
3844	1	9
3845	0	9
3846	0	9
3847	0	9
3848	0	9
3849	0	9
3850	1	9
3851	0	9
3852	1	9
3853	0	9
3854	0	9
3855	0	9
3856	0	9
3857	0	9
3858	0	9
3859	0	9
3860	0	9
3861	0	9
3862	1	9
3863	0	9
3864	0	9
3865	0	9
3866	0	9
3867	0	9
3868	0	9
3869	0	9
3870	0	9
3871	0	9
3872	1	9
3873	0	9
3874	1	9
3875	0	9
3876	0	9
3877	0	9
3878	0	9
3879	0	9
3880	0	9
3881	0	9
3882	0	9
3883	2	9
3884	0	9
3885	0	9
3886	1	9
3887	0	9
3888	0	9
3889	0	9
3890	0	9
3891	0	9
3892	1	9
3893	1	9
3894	0	9
3895	0	9
3896	1	9
3897	0	9
3898	0	9
3899	0	9
3900	0	9
3901	0	9
3902	0	9
3903	0	9
3904	0	9
3905	1	9
3906	0	9
3907	0	9
3908	0	9
3909	0	9
3910	0	9
3911	0	9
3912	0	9
3913	0	9
3914	0	9
3915	0	9
3916	0	9
3917	0	9
3918	0	9
3919	0	9
3920	0	9
3921	0	9
3922	0	9
3923	0	9
3924	0	9
3925	0	9
3926	0	9
3927	1	9
3928	0	9
3929	0	9
3930	0	9
3931	0	9
3932	0	9
3933	0	9
3934	0	9
3935	1	9
3936	0	9
3937	0	9
3938	0	9
3939	0	9
3940	0	9
3941	0	9
3942	0	9
3943	0	9
3944	0	9
3945	0	9
3946	0	9
3947	0	9
3948	0	9
3949	0	9
3950	0	9
3951	0	9
3952	0	9
3953	1	9
3954	0	9
3955	0	9
3956	0	9
3957	0	9
3958	0	9
3959	0	9
3960	0	9
3961	0	9
3962	0	9
3963	1	9
3964	0	9
3965	0	9
3966	0	9
3967	0	9
3968	0	9
3969	0	9
3970	0	9
3971	0	9
3972	0	9
3973	0	9
3974	0	9
3975	0	9
3976	0	9
3977	0	9
3978	0	9
3979	0	9
3980	0	9
3981	0	9
3982	0	9
3983	0	9
3984	0	9
3985	0	9
3986	0	9
3987	0	9
3988	0	9
3989	0	9
3990	0	9
3991	0	9
3992	0	9
3993	0	9
3994	0	9
3995	0	9
3996	0	9
3997	0	9
3998	0	9
3999	0	9
4000	0	9